{


"Coldfall":[-0.1547415,51.5967356,"Coldfall"],
"W009_Small_Heath":[-1.855,52.471,"W009 - Small_Heath"],
"W013_City_Centre":[-1.901,52.472,"W013 - City_Centre"],
"W020_Erdington":[-1.85,52.525,"W020 - Erdington"],
"W004_Wythall":[-1.921,52.374,"W004 - Wythall"],
"W011_Rednal":[-2.001,52.391,"W011 - Rednal"],
"W008_Weoley_Castle":[-1.969,52.436,"W008 - Weoley_Castle"],
"Hayesfield_School":[-2.37496820845945,51.3795743439755,"Hayesfield School"]


}






